0001, Intro, intro
0002, Blue Door, blue_door
0003, Red Door, red_door
0004, Red Door2, red_door2
0005, The Vent, the_vent
0006, The Vent 2, the_vent_cont
0007, Escaped, escaped
0008, The Fallen City, the_fallen_city,
0009, The Fallen City End, the_fallen_city_end
0010, The Fight, the_fight
0011, The Fight 2, the_fight2
0012, The White Veil, the_white_veil
0013, The Run, the_run
0014, The Mist, the_mist
0015, The Door, the_door
0016, The Inside, the_inside
0017, The Darkness, the_darkness
0018, The Long Night, the_long_night
0019, The Dream, the_dream
0020, Dead, dead
